loss,accuracy,val_loss,val_accuracy,lr
647.2561645507812,0.3459821343421936,80.69124603271484,0.4748603403568268,0.001
20.33198356628418,0.4213169515132904,1.806484341621399,0.3631284832954407,0.001
1.7241774797439575,0.3571428656578064,1.5370256900787354,0.4106145203113556,0.001
1.3766992092132568,0.4051339328289032,1.4983127117156982,0.39944133162498474,0.0005
1.379104495048523,0.4280133843421936,1.5558393001556396,0.3966480493545532,0.0005
1.2844170331954956,0.4425223171710968,1.541265845298767,0.40502792596817017,0.00025
1.2519254684448242,0.4609375,1.5421338081359863,0.44134077429771423,0.00025
1.2100574970245361,0.4765625,1.5959608554840088,0.4748603403568268,0.000125
1.1815471649169922,0.4944196343421936,1.5681746006011963,0.44972068071365356,0.000125
