precision,recall,f1-score,support
0.696969696969697,0.6571428571428571,0.676470588235294,35.0
0.2847222222222222,0.9111111111111111,0.4338624338624339,45.0
0.7333333333333333,0.2037037037037037,0.3188405797101449,54.0
0.5777777777777777,0.5,0.5360824742268041,52.0
0.3333333333333333,0.018518518518518517,0.03508771929824561,54.0
0.425,0.425,0.425,0.425
0.5252272727272728,0.45809523809523817,0.4000687590665845,240.0
0.5202120159932659,0.425,0.3757862371595488,240.0
