precision,recall,f1-score,support
0.9736842105263158,0.9487179487179487,0.9610389610389611,39.0
0.9210526315789473,0.813953488372093,0.8641975308641974,43.0
0.8717948717948718,0.8717948717948718,0.8717948717948718,39.0
0.9014084507042254,0.9846153846153847,0.9411764705882353,65.0
0.9259259259259259,0.9259259259259259,0.9259259259259259,54.0
0.9166666666666666,0.9166666666666666,0.9166666666666666,0.9166666666666666
0.9187732181060573,0.9090015238852448,0.9128267520424382,240.0
0.9173770694341488,0.9166666666666666,0.9159061828996469,240.0
