loss,accuracy,val_loss,val_accuracy,lr
537.2993774414062,0.31483402848243713,65.39247131347656,0.48812663555145264,0.001
14.321255683898926,0.35580912232398987,2.0219767093658447,0.30343008041381836,0.001
2.2375524044036865,0.3106846511363983,1.8278584480285645,0.3456464409828186,0.001
1.5982648134231567,0.33661824464797974,1.7275960445404053,0.36939314007759094,0.0005
1.6090872287750244,0.3620331883430481,1.8596861362457275,0.3773086965084076,0.0005
1.5253859758377075,0.36566388607025146,1.8196548223495483,0.40105539560317993,0.00025
1.473943829536438,0.39263486862182617,1.7760822772979736,0.42216357588768005,0.00025
1.437070608139038,0.40248963236808777,1.7831103801727295,0.40105539560317993,0.000125
1.4055746793746948,0.42012447118759155,1.8216747045516968,0.4116095006465912,0.000125
