loss,accuracy,val_loss,val_accuracy,lr
6.625338554382324,0.616210401058197,3.613971710205078,0.7335092425346375,0.001
3.6790595054626465,0.7734836339950562,4.4473185539245605,0.7598944306373596,0.001
3.2004709243774414,0.8169618844985962,4.569161415100098,0.7836411595344543,0.001
3.1546385288238525,0.8148148059844971,4.987019062042236,0.7572559118270874,0.001
3.051663875579834,0.8464841842651367,6.333725452423096,0.767810046672821,0.001
2.035397529602051,0.8743961453437805,3.6725292205810547,0.8073878884315491,0.0005
