precision,recall,f1-score,support
0.875,0.8484848484848485,0.8615384615384615,33.0
0.9428571428571428,0.825,0.88,40.0
0.92,0.8846153846153846,0.9019607843137256,52.0
0.8309859154929577,0.921875,0.874074074074074,64.0
0.8571428571428571,0.8888888888888888,0.8727272727272727,54.0
0.7777777777777778,0.7,0.7368421052631577,10.0
0.8735177865612648,0.8735177865612648,0.8735177865612648,0.8735177865612648
0.8672939488784559,0.844810686998187,0.8545237829861153,253.0
0.8761892346613718,0.8735177865612648,0.873395907255842,253.0
