precision,recall,f1-score,support
0.6111111111111112,0.3333333333333333,0.43137254901960786,33.0
0.22142857142857142,0.775,0.34444444444444444,40.0
0.5,0.3076923076923077,0.380952380952381,52.0
0.6935483870967742,0.671875,0.6825396825396826,64.0
0.0,0.0,0.0,54.0
0.0,0.0,0.0,10.0
0.39920948616600793,0.39920948616600793,0.39920948616600793,0.39920948616600793
0.33768134493940954,0.34798344017094013,0.306551509492686,253.0
0.39292848339131653,0.39920948616600793,0.3616803770256456,253.0
